ballina/ballina_entrance_north.csv
ballina/ballina_entrance_south.csv
batemans/batemans_wharf_1.csv
batemans/batemans_wharf_2.csv
bellinger/bellinger_1.csv
bellinger/bellinger_2.csv
belmore_basin/belmore_basin_1.csv
blacksmiths/blacksmiths_road.csv
botany_bay/botany_bay_1.csv
clarance_river/clarance_river_entrance_north.csv
clarance_river/clarance_river_entrance_south.csv
coffs_harbour/coffs_harbour_1.csv
coffs_harbour/coffs_harbour_2.csv
coffs_harbour/coffs_harbour_3.csv
coffs_harbour/coffs_harbour_4.csv
crowdy_head/crowdy_head_B.csv
crowdy_head/crowdy_head.csv
forster/forster_north.csv
forster/forster_south.csv
harrington/harrington_1.csv
harrington/harrington_2.csv
karang/karang_south.csv
lake_illawarra/lake_illawarra_entrance_north.csv
lake_illawarra/lake_illawarra_entrance_south.csv
lake_illawarra/lake_illawarra_inside_south.csv
lake_macquarie/lake_macquarie_north.csv
lake_macquarie/lake_macquarie_south.csv
MANUAL_WALLS/clarence_river_highwall_A.csv
MANUAL_WALLS/clarence_river_highwall_B.csv
MANUAL_WALLS/clarence_river_highwall_C.csv
MANUAL_WALLS/clarence_river_highwall_D.csv
MANUAL_WALLS/collis_wall.csv
MANUAL_WALLS/middle_wall_2.csv
MANUAL_WALLS/middle_wall_3.csv
MANUAL_WALLS/middle_wall.csv
moruya/entrance_north.csv
moruya/estuary_south_1.csv
moruya/estuary_south_2.csv
moruya/estuary_south_3.csv
nambucca/nambucca_north.csv
newcastle/newcastle1.csv
newcastle/newcastle2.csv
north_haven/north_haven_north.csv
north_haven/north_haven_south.csv
portKembla/portKembla2.csv
portKembla/portKembla.csv
port_macquarie/port_macquarie_north.csv
port_macquarie/port_macquarie_south.csv
shoalhaven/shoalhaven_entrance_north.csv
swrocks/swrocks_north.csv
swrocks/swrocks_south.csv
tweed/tweed_north_b.csv
tweed/tweed_north.csv
tweed/tweed_south.csv
ulladulla/ulladulla2.csv
ulladulla/ulladulla.csv
